{
	"application_name": "Chatrooms",
	"common_new":"NUEVO!",
	"common_attention":"Attention!",
	"common_ok": "Ok",
	"common_accept": "Acceptar",
	"common_cancel": "Cancelar",
	"common_cancel_alt": "Cerrar",
	"common_messagebox": "Escribe un mensaje o mete un comando...",
	"common_editbox": "Haz tus cambios...",
	"common_emoteslist": "Emotes",
	"common_sendcomposed": "Mandar",
	"common_editcomposed": "Editar",
	"common_yes": "Si",
	"common_no": "No",
	"common_none": "Ninguno",
	"common_email": "Email",
	"common_agreement": "Okay",
	"channels_none_available": "No hay canales disponibles",
	"channels": "Channels",
	"channels_switch": "Estas en el canal ",
	"options": "Optiones",
	"option_attach": "Anexo",
	"option_custom_css": "Customizador",
	"option_notifications": "Notificaciones",
	"option_notifications_volume": "Volumen de notificaciones",
	"option_notifications_volume_d": "Ajusta como de fuerte tiene que sonar la notificacion.",
	"option_switch_theme": "Cambia de tema",
	"option_switch_room": "Cambia de 'chatroom' ",
	"option_view_rules": "Reglas",
	"option_view_info": "Informacion",
	"option_about": "De Chatrooms",
	"option_twitter_1": "CloudSeeker en Twitter",
	"option_twitter_2": "Popular Toppling Jelly en Twitter",
	"option_latest": "Lista de ajustes",
	"option_logout": "Cerrar session",
	"option_leave": "Salirte de Chatroom",
	"satellite_already_connecting": "Conectandose a Chatrooms...",
	"satellite_error": "Un error de conexion a occurido!",
	"satellite_permadisconnect": "Desconectado de Chatrooms!",
	"satellite_permadisconnect_positive": "Disconnectado de Chatrooms sin fallos.",
	"satellite_join_intent": "Se ha unido Chat!",
	"satellite_leave_intent": "Se ha ido :(",
	"satellite_ban_intent": "a sido baneado por los administradores.",
	"satellite_ban_intent_alt": "a sido 'YEETED' fuera del chat, :).",
	"satellite_rejoin_positive": "Reconectar",
	"satellite_rejoin_autorecon": "reintentar la conexion",
	"satellite_rejoin_attempts": "conexiones fallidas.",
	"modal_user_info": "Information de usuario",
	"modal_user_info_system": "Esto es la cuenta del sistema, aqui para cuando la necesites mas.",
	"modal_user_info_fake": "Esta cuenta no existe.",
	"modal_user_info_reserved": "Este nombre esta reservado por los administradores por usos especiales.",
	"modal_user_info_createdon": "Cuenta creada en: ",
	"modal_user_info_lastseen": "Ultima vez visto: ",
	"modal_css_d": "Pon temas aditionales a tu chatrooms! <br>Aprende como hacer codigo CSS, <a href='https://www.w3schools.com/css/default.asp' target='blank'>Haz click aqui</a>.",
	"modal_theme": "Tema",
	"modal_theme_d": "Escoge tu tema de chatrooms:",
	"modal_s_theme_d": "Estos temas son temas especiales hechos para ir con eventos especiales u otras cosas.<br>De todas maneras, Escoge tu tema de chatrooms:",
	"modal_theme_light": "Modo Blanco",
	"modal_theme_inbetween": "Modo Gris",
	"modal_theme_dark": "Modo Negro",
	"modal_theme_s1": "Modo Neon",
	"modal_theme_s2": "Modo Madera",
	"modal_theme_s3": "Modo morado",
	"modal_theme_s4": "Modo Blanco (Halloween)",
	"modal_theme_s5": "Modo Negro (Navidad)",
	"modal_logout": "Cerrar sesion",
	"modal_logout_d": "Vas a cerrar la sesion, proceder?",
	"modal_logout_accept": "Cerrar sesion",
	"modal_disconnect": "Disconnectar",
	"modal_disconnect_d": "Te vas a desconectar. Proceder?",
	"modal_disconnect_accept": "Disconectar",
	"modal_about": "De Chatrooms",
	"modal_about_slogan": "Creando un mundo mas abierto",
	"modal_about_quote": "\"Amistades pueden venir e ir, pero las verdaderas estan qui para siempre.\"",
	"modal_about_quoteauthor": "- Citacion de Macedonia (del norte)",
	"modal_info": "De nosotros ",
	"modal_info_roomname": "Nombre de chatroom: ",
	"modal_info_allowanon": "Mensajes anonimos permitidos: ",
	"modal_info_roomsave": "Chatroom salva mensages: ",
	"modal_info_padlock": "Chatroom esta cerrada: ",
	"modal_info_emailver": "Nivel de verificacion de chatroom: ",
	"modal_info_packages": "ID Paquete de contenido: ",
	"modal_info_encrypted": "Chatroom esta encriptida: ",
	"modal_info_motd": "Mdd: ",
	"modal_language": "Lenguage",
	"mobile_options": "Optiones",
	"mobile_upsell": "Chatrooms ahora se puede usar en plataformas mobiles! <a href='/chatrooms/m/'>Haz click aqui para probarlo.</a>",
	"protocol_custom_warning": "ADVERTENCIA: Estas usando una version modificada de chatrooms. Esto significa que este chatroom has functionalidad que no es accessible en la version vainilla de chatrooms . El cliente necesario por esta chatroom normalmente esta en su MDD; Mira su MDD para etar seguro",
	"protocol_upgrade": "Version nueva requerida",
	"protocol_upgrade_server": "Este chatroom ha sido upgradeado a una version nueva y necesitas recargar para usarlo",
	"protocol_upgrade_client": "El cliente de chatrooms ha sido upgradeado de fondo y tiene que ser recargado para que los cambios apliquen",
	"protocol_initial_authentication": "Tienes que login en un chatroom para proceder.",
	"protocol_initial_domain": "URL de chatroom",
	"protocol_initial_username": "Nombre",
	"protocol_initial_password": "Contraseña"
}
