[
	{
		"server": "chatrooms.epicgamer.org",
		"server_name": "Chatrooms Hometown",
		"server_motd": "Welcome to Chatrooms Hometown, the classic and vanilla feel of Chatrooms!<br>Chatrooms Hometown is the official Chatroom hosted by Team CloudSeeker. Ask questions for support with anything CloudSeeker related, hang out with other cool people and partake in fun events hosted by us! Join today!",
		"create_account": "https://chatrooms.epicgamer.org/chatrooms/login/",
		"csw_verified": true
	},
	{
		"server": "populartopplingjelly.ezwebsites.com",
		"server_name": "Legendary Gaming Lounge",
		"server_motd": "Alternate mirror of Chatrooms Hometown<br>Want to claim this spot? Send a message with details about your chatroom in #chatroom-ads in Chatrooms Hometown!",
		"create_account": "https://chatrooms.epicgamer.org/chatrooms/login/",
		"csw_verified": true
	},
	{
		"server": "largeglasspane.crabdance.com",
		"server_name": "Geof's Heroic Lair",
		"server_motd": "Alternate mirror of Chatrooms Hometown (currently does not work, will be fixed later)<br>Want to claim this spot? Send a message with details about your chatroom in #chatroom-ads in Chatrooms Hometown!",
		"create_account": "https://chatrooms.epicgamer.org/chatrooms/login/",
		"csw_verified": true
	}
]
